Location,iHH_0,iHH_1,iHS,Std iHS,Population,Population_Group
rs7506904,0.0620679,0.00323095,2.95545,-0.321861,ACB,AFR
rs6082363,0.00310885,0.00898336,-1.06112,-0.878341,ACB,AFR
rs2886697,0.0925207,0.0039495,3.15384,-0.394734,ACB,AFR
rs7613360,0.00386327,0.00562563,-0.375819,1.05317,ACB,AFR
rs2311059,0.00142463,0.0207235,-2.67735,-0.886145,ACB,AFR
rs17718444,0.0102101,0.00179446,1.73867,0.85667,ACB,AFR
rs6537401,0.00407595,0.169126,-3.72554,0.0689679,ACB,AFR
rs11255890,0.00324234,0.0476316,-2.6872,-0.300962,ACB,AFR
rs11596214,0.00823295,0.0232578,-1.03849,0.78309,ACB,AFR
rs9969232,0.00223809,0.149096,-4.19896,-0.191862,ACB,AFR
rs7844069,0.00221615,0.00742695,-1.20934,-1.04306,ACB,AFR
rs4925811,0.00122124,0.0107146,-2.17174,0.833045,ACB,AFR
rs2582895,0.00680445,0.00951792,-0.335599,-0.241026,ACB,AFR
rs4916723,0.0110028,0.0268467,-0.891996,1.46655,ACB,AFR
rs10875612,0.00475899,0.0070054,-0.386646,0.417547,ACB,AFR
rs704061,0.0144358,0.0189593,-0.272579,0.269176,ACB,AFR
rs2025286,0.00471766,0.00988674,-0.739881,0.106372,ACB,AFR
rs549845,0.00422338,0.00368546,0.13624,1.73992,ACB,AFR
rs549845,0.00426436,0.0057582,-0.300332,1.15936,ASW,AFR
rs2025286,0.00583795,0.0126851,-0.776047,0.201442,ASW,AFR
rs11255890,0.00435729,0.0423317,-2.27369,-0.0881881,ASW,AFR
rs11596214,0.00801427,0.0988605,-2.51249,0.661988,ASW,AFR
rs76857496,0.00940654,0.302742,-3.47147,0.385772,ASW,AFR
rs7506904,0.0188831,0.0024365,2.0477,0.699437,ASW,AFR
rs6082363,0.00349021,0.0104169,-1.09347,-1.03932,ASW,AFR
rs4916723,0.0115788,0.0203884,-0.565792,1.25197,ASW,AFR
rs10875612,0.00411679,0.007613,-0.614783,-0.251907,ASW,AFR
rs1438898,0.000734191,0.0446526,-4.1079,-0.718132,ASW,AFR
rs9969232,0.00169523,0.149073,-4.47662,-0.579187,ASW,AFR
rs7844069,0.00213361,0.00644809,-1.10597,-1.36474,ASW,AFR
rs4925811,0.00137391,0.00768624,-1.72177,0.946385,ASW,AFR
rs704061,0.0176067,0.0242622,-0.320644,0.438601,ASW,AFR
rs17576773,0.00556076,0.195814,-3.56143,0.316251,ASW,AFR
rs6537401,0.00501942,0.116457,-3.14421,0.49974,ASW,AFR
rs2886697,0.160205,0.00377058,3.74923,-0.0118042,ASW,AFR
rs7613360,0.00386154,0.00448779,-0.150295,0.933561,ASW,AFR
rs2311059,0.000735376,0.0191514,-3.25975,-2.45327,ASW,AFR
rs17718444,0.0265248,0.00187588,2.649,1.06501,ASW,AFR
rs2582895,0.00824782,0.00928796,-0.11877,0.238187,ASW,AFR
rs1162202,0.00653267,0.108989,-2.81443,0.552618,ASW,AFR
rs11255890,0.00259963,0.0710778,-3.3084,-0.281268,ESN,AFR
rs11596214,0.00871006,0.0742375,-2.14279,0.824425,ESN,AFR
rs17576773,0.00482983,0.228872,-3.85835,0.0581561,ESN,AFR
rs7506904,0.10091,0.00293579,3.53726,-0.101935,ESN,AFR
rs7613360,0.00373215,0.00798028,-0.75999,1.23888,ESN,AFR
rs2311059,0.0037696,0.0442165,-2.46213,-0.659537,ESN,AFR
rs17718444,0.0176347,0.00299726,1.77217,0.0633353,ESN,AFR
rs6082363,0.00321347,0.0119012,-1.30929,-0.656335,ESN,AFR
rs7844069,0.0033952,0.007182,-0.749215,-0.460761,ESN,AFR
rs4916723,0.0142183,0.0310968,-0.782578,1.7791,ESN,AFR
rs10875612,0.00401347,0.0138576,-1.23918,-0.81067,ESN,AFR
rs2582895,0.00764974,0.00739863,0.0333766,0.22471,ESN,AFR
rs549845,0.00479891,0.0105067,-0.78362,1.70085,ESN,AFR
rs2025286,0.00581201,0.0129657,-0.802385,0.345675,ESN,AFR
rs704061,0.0163822,0.0258916,-0.457723,0.168656,ESN,AFR
rs549845,0.00513699,0.00386635,0.284155,2.28109,GWD,AFR
rs2025286,0.00471106,0.0100204,-0.754709,0.0591298,GWD,AFR
rs11255890,0.00266233,0.18494,-4.24083,-1.04765,GWD,AFR
rs11596214,0.00919521,0.0238492,-0.953069,1.12065,GWD,AFR
rs6082363,0.00471356,0.0108402,-0.832813,-0.914175,GWD,AFR
rs76857496,0.00872338,0.248624,-3.34994,0.141195,GWD,AFR
rs7506904,0.0416002,0.00368864,2.42285,-0.326337,GWD,AFR
rs4916723,0.0142972,0.0561822,-1.36854,2.02905,GWD,AFR
rs10875612,0.00393693,0.00770996,-0.67211,-0.760945,GWD,AFR
rs7844069,0.00301222,0.00752687,-0.915801,-0.878594,GWD,AFR
rs4925811,0.0010743,0.0227853,-3.05445,0.478859,GWD,AFR
rs704061,0.0177703,0.0203846,-0.137253,0.982552,GWD,AFR
rs7613360,0.00227215,0.00805384,-1.26542,0.0444325,GWD,AFR
rs2311059,0.00448734,0.0202456,-1.50668,0.413955,GWD,AFR
rs17718444,0.0178401,0.00267422,1.89779,0.557443,GWD,AFR
rs2582895,0.00830079,0.0100948,-0.195665,-0.0808137,GWD,AFR
rs4916723,0.0134731,0.0405517,-1.10188,1.81734,LWK,AFR
rs10875612,0.00382141,0.00839841,-0.787422,-0.651298,LWK,AFR
rs704061,0.0153836,0.0229443,-0.399765,0.531119,LWK,AFR
rs549845,0.00394117,0.00397619,-0.00884534,1.74649,LWK,AFR
rs2025286,0.00478598,0.00817817,-0.535778,0.817943,LWK,AFR
rs2582895,0.00807997,0.0110542,-0.313427,-0.326626,LWK,AFR
rs2886697,0.0455786,0.00383902,2.47422,0.207983,LWK,AFR
rs7613360,0.0027375,0.00746639,-1.00337,0.461935,LWK,AFR
rs2311059,0.00186256,0.0190131,-2.32318,-0.787447,LWK,AFR
rs17718444,0.00858128,0.00202336,1.44482,0.0682909,LWK,AFR
rs11255890,0.00267968,0.0528082,-2.98097,0.117721,LWK,AFR
rs11596214,0.00819024,0.0481731,-1.77186,0.492035,LWK,AFR
rs7844069,0.00300788,0.0071286,-0.86288,-0.670196,LWK,AFR
rs6082363,0.00339595,0.014651,-1.46193,-1.26553,LWK,AFR
rs7506904,0.0760395,0.00263904,3.36084,-0.230745,LWK,AFR
rs4916723,0.0115426,0.0651678,-1.73092,1.91951,MSL,AFR
rs10875612,0.00312251,0.0159792,-1.63265,-1.05002,MSL,AFR
rs11255890,0.00248178,0.105695,-3.75158,-0.323001,MSL,AFR
rs11596214,0.00848669,0.0693984,-2.10136,1.20737,MSL,AFR
rs7506904,0.0518904,0.0022913,3.12001,-0.516662,MSL,AFR
rs6082363,0.0031587,0.0111844,-1.26436,-1.12182,MSL,AFR
rs2025286,0.00526657,0.0102263,-0.663582,0.177941,MSL,AFR
rs549845,0.00443266,0.0323297,-1.98699,1.27514,MSL,AFR
rs2886697,0.156585,0.00291329,3.98432,0.281384,MSL,AFR
rs7613360,0.00400188,0.00963965,-0.87912,0.553856,MSL,AFR
rs2311059,0.00441086,0.036292,-2.10753,-0.327375,MSL,AFR
rs17718444,0.0305886,0.00196921,2.74299,1.21291,MSL,AFR
rs2582895,0.0068068,0.00764721,-0.11642,0.608403,MSL,AFR
rs17576773,0.00589777,0.198847,-3.51796,0.465131,MSL,AFR
rs7844069,0.00370845,0.00997754,-0.989723,-1.30572,MSL,AFR
rs704061,0.0156076,0.0229801,-0.386874,0.348573,MSL,AFR
rs7844069,0.00342433,0.00694761,-0.707491,-0.582421,YRI,AFR
rs704061,0.0152417,0.0212803,-0.333748,0.244233,YRI,AFR
rs6537401,0.00581933,0.14881,-3.24149,0.461835,YRI,AFR
rs7613360,0.00390543,0.00570445,-0.378878,1.40749,YRI,AFR
rs2311059,0.0024974,0.0455347,-2.90323,-1.17531,YRI,AFR
rs17718444,0.0205905,0.00325516,1.84459,0.0370242,YRI,AFR
rs2582895,0.00759832,0.00755782,0.0053452,0.429562,YRI,AFR
rs549845,0.00464061,0.0222886,-1.56923,1.02806,YRI,AFR
rs2025286,0.00795099,0.00918399,-0.144166,1.02903,YRI,AFR
rs11255890,0.00305412,0.0352166,-2.44502,-0.289277,YRI,AFR
rs11596214,0.00911294,0.0285731,-1.14277,1.03786,YRI,AFR
rs4916723,0.0103838,0.032267,-1.1338,1.54059,YRI,AFR
rs10875612,0.00427679,0.00732537,-0.538141,0.112149,YRI,AFR
rs6082363,0.00348708,0.0106614,-1.11756,-0.583955,YRI,AFR
rs7506904,0.0847145,0.00334624,3.23145,-0.189473,YRI,AFR
rs1438898,0.00384464,0.0187202,-1.58292,-0.419941,CLM,AMR
rs4916723,0.00821905,0.0213301,-0.953667,-0.738476,CLM,AMR
rs77960,0.013981,0.0291622,-0.73517,0.547444,CLM,AMR
rs10875612,0.00569662,0.0192127,-1.2157,-0.979299,CLM,AMR
rs2025286,0.0131453,0.0202202,-0.430618,-0.133458,CLM,AMR
rs549845,0.00899198,0.0063935,0.341052,0.795609,CLM,AMR
rs76857496,0.0106994,0.116158,-2.38476,-1.21817,CLM,AMR
rs7506904,0.0165806,0.00960648,0.545797,1.12669,CLM,AMR
rs6082363,0.00776217,0.0117332,-0.41316,-0.661626,CLM,AMR
rs11255890,0.0144331,0.0233704,-0.481941,-0.0378604,CLM,AMR
rs11596214,0.0111089,0.0186448,-0.517821,0.0975622,CLM,AMR
rs704061,0.0228465,0.036884,-0.478979,-0.203244,CLM,AMR
rs2886697,0.0594556,0.013292,1.49807,1.78852,CLM,AMR
rs7613360,0.00745608,0.00815011,-0.0890025,0.813435,CLM,AMR
rs2311059,0.0138827,0.0273635,-0.678569,-0.769813,CLM,AMR
rs17718444,0.021318,0.00799346,0.980929,0.677079,CLM,AMR
rs17576773,0.0141513,0.167962,-2.47393,0.238576,CLM,AMR
rs6537401,0.0113587,0.029376,-0.950196,0.0910852,CLM,AMR
rs1162202,0.0128133,0.0641884,-1.61134,-0.966124,CLM,AMR
rs7844069,0.00884933,0.00648811,0.31037,0.887393,CLM,AMR
rs4925811,0.0041757,0.0083234,-0.689789,-0.409068,CLM,AMR
rs2582895,0.0312156,0.0149593,0.735582,1.61105,CLM,AMR
rs9969232,0.0039061,0.0157244,-1.39268,-0.681368,CLM,AMR
rs2886697,0.146574,0.0210635,1.93999,2.01743,MXL,AMR
rs7613360,0.0101947,0.00605257,0.521385,2.13593,MXL,AMR
rs2311059,0.0299819,0.0316701,-0.0547797,0.226241,MXL,AMR
rs17718444,0.0400742,0.00829932,1.57456,0.948703,MXL,AMR
rs6537401,0.0132937,0.0262771,-0.68141,0.568029,MXL,AMR
rs9969232,0.00395659,0.0203868,-1.6395,-0.134809,MXL,AMR
rs76857496,0.0159216,0.224934,-2.64813,-0.172527,MXL,AMR
rs7506904,0.0132281,0.0105422,0.226962,1.42902,MXL,AMR
rs6082363,0.0192487,0.0129489,0.396429,0.142527,MXL,AMR
rs11255890,0.0246034,0.0333768,-0.304977,0.318934,MXL,AMR
rs11596214,0.0174506,0.0206652,-0.169074,0.746283,MXL,AMR
rs7844069,0.00920171,0.00871165,0.0547287,-0.0483304,MXL,AMR
rs4925811,0.00553212,0.00945215,-0.535671,-0.181066,MXL,AMR
rs704061,0.0363521,0.0439357,-0.189475,0.279713,MXL,AMR
rs1438898,0.0117404,0.0210448,-0.583618,0.376442,MXL,AMR
rs4916723,0.0101286,0.0255385,-0.924827,-0.975737,MXL,AMR
rs77960,0.0140402,0.0494609,-1.25926,1.13231,MXL,AMR
rs10875612,0.00706489,0.0249346,-1.26112,-1.16111,MXL,AMR
rs2582895,0.0324064,0.0228724,0.348426,1.50345,MXL,AMR
rs1162202,0.0156323,0.0638357,-1.40698,-0.747981,MXL,AMR
rs2025286,0.0100792,0.0310374,-1.12472,-1.17701,MXL,AMR
rs549845,0.0115952,0.00627049,0.614739,0.990656,MXL,AMR
rs549845,0.0169734,0.00765376,0.79645,1.89431,PEL,AMR
rs2025286,0.036512,0.0364296,0.00225966,0.468163,PEL,AMR
rs76857496,0.0250225,0.285775,-2.43543,-0.31185,PEL,AMR
rs7506904,0.0158909,0.00650827,0.892676,2.47801,PEL,AMR
rs6082363,0.0463684,0.0157009,1.0829,0.538979,PEL,AMR
rs4916723,0.0146216,0.0308733,-0.747395,-0.911065,PEL,AMR
rs77960,0.0188378,0.0844573,-1.50038,0.860676,PEL,AMR
rs10875612,0.0087838,0.0416407,-1.55617,-1.5493,PEL,AMR
rs11255890,0.0382067,0.0507852,-0.284594,0.356974,PEL,AMR
rs11596214,0.02082,0.0228136,-0.0914424,1.14469,PEL,AMR
rs1438898,0.0175778,0.0237844,-0.302391,0.117268,PEL,AMR
rs704061,0.0486028,0.0648139,-0.287839,0.192638,PEL,AMR
rs9969232,0.0132971,0.0576864,-1.46747,0.352898,PEL,AMR
rs7844069,0.00821234,0.00888826,-0.079094,-0.399172,PEL,AMR
rs4925811,0.00432892,0.00884907,-0.714994,-0.245909,PEL,AMR
rs1162202,0.0186968,0.0621539,-1.20126,-0.487224,PEL,AMR
rs6537401,0.0179567,0.0422794,-0.85634,0.205835,PEL,AMR
rs2582895,0.0320644,0.037179,-0.147996,0.547428,PEL,AMR
rs2886697,0.172291,0.0349853,1.59426,1.50195,PEL,AMR
rs7613360,0.0110154,0.0101943,0.0774683,1.212,PEL,AMR
rs2311059,0.0453873,0.0351782,0.254806,0.94393,PEL,AMR
rs17718444,0.245741,0.0111748,3.09062,1.51626,PEL,AMR
rs1162202,0.0068515,0.0789622,-2.4445,-2.1081,PUR,AMR
rs7844069,0.00785027,0.00636437,0.209832,0.916338,PUR,AMR
rs4925811,0.00450929,0.0078776,-0.557883,-0.0535731,PUR,AMR
rs2582895,0.0264687,0.0211749,0.223143,0.954364,PUR,AMR
rs9969232,0.00255309,0.0196721,-2.0419,-1.32978,PUR,AMR
rs704061,0.0210263,0.0389142,-0.615587,-0.131943,PUR,AMR
rs6537401,0.00913076,0.0486716,-1.67345,-0.775289,PUR,AMR
rs2886697,0.0664654,0.0115261,1.75207,1.873,PUR,AMR
rs7613360,0.00808119,0.00673115,0.182792,1.13071,PUR,AMR
rs2311059,0.00781613,0.0170123,-0.777749,-0.848564,PUR,AMR
rs17718444,0.0188753,0.00567443,1.20189,1.24914,PUR,AMR
rs549845,0.00620753,0.00620871,-0.00019047,0.267375,PUR,AMR
rs76857496,0.0127365,0.226768,-2.87945,-0.883504,PUR,AMR
rs7506904,0.014711,0.0115724,0.239973,0.254492,PUR,AMR
rs2025286,0.0128655,0.0230693,-0.583953,-0.270732,PUR,AMR
rs6082363,0.00584917,0.0112947,-0.658033,-1.17756,PUR,AMR
rs11255890,0.0172404,0.0221911,-0.252433,0.172458,PUR,AMR
rs11596214,0.011413,0.0178337,-0.446335,0.23828,PUR,AMR
rs4916723,0.0098392,0.0234821,-0.869865,-0.481518,PUR,AMR
rs77960,0.012937,0.0281152,-0.776219,0.235277,PUR,AMR
rs10875612,0.00542445,0.0141753,-0.960582,-0.549289,PUR,AMR
rs1438898,0.00264254,0.0202495,-2.03639,-1.03674,PUR,AMR
rs549845,0.0109867,0.00740823,0.394097,0.217414,CDX,EAS
rs11255890,0.0279162,0.0249095,0.113957,2.0053,CDX,EAS
rs11596214,0.0169178,0.0277655,-0.495429,-0.99925,CDX,EAS
rs2025286,0.0123072,0.0288932,-0.853424,-1.46159,CDX,EAS
rs7506904,0.0110036,0.0223962,-0.710673,-0.779293,CDX,EAS
rs6082363,0.0183601,0.008942,0.719419,0.139534,CDX,EAS
rs4916723,0.0142988,0.0259217,-0.594907,-0.253699,CDX,EAS
rs77960,0.0192584,0.0387613,-0.699471,0.924982,CDX,EAS
rs10875612,0.00863017,0.0128715,-0.39975,0.197131,CDX,EAS
rs1438898,0.0214589,0.0140506,0.423478,2.05374,CDX,EAS
rs7844069,0.00810137,0.0229302,-1.04042,-0.627726,CDX,EAS
rs4925811,0.00592466,0.00764947,-0.255514,-0.43062,CDX,EAS
rs2582895,0.0466031,0.0237874,0.672511,0.0897621,CDX,EAS
rs9969232,0.0062881,0.0937062,-2.70151,0.0147479,CDX,EAS
rs1162202,0.0146853,0.0338671,-0.835601,-0.485611,CDX,EAS
rs6537401,0.0137633,0.0554998,-1.39437,-0.0269909,CDX,EAS
rs704061,0.0666872,0.0713599,-0.067724,0.176145,CDX,EAS
rs7613360,0.0148152,0.0173274,-0.156637,1.62644,CDX,EAS
rs2311059,0.0447188,0.0272632,0.494856,1.54523,CDX,EAS
rs4916723,0.0122027,0.022737,-0.62234,-0.023433,CHB,EAS
rs77960,0.0185546,0.0725247,-1.36321,0.631471,CHB,EAS
rs10875612,0.0064671,0.0135319,-0.73832,-0.791008,CHB,EAS
rs1438898,0.0181537,0.0135054,0.295788,1.72468,CHB,EAS
rs704061,0.0543767,0.0591991,-0.0849693,-0.451258,CHB,EAS
rs549845,0.00946815,0.00627259,0.411743,0.456363,CHB,EAS
rs2025286,0.0109185,0.0256923,-0.855737,-1.33729,CHB,EAS
rs2582895,0.0313304,0.0274912,0.13072,-0.143783,CHB,EAS
rs1162202,0.0182822,0.0341755,-0.625581,-0.670258,CHB,EAS
rs6537401,0.0105174,0.0658743,-1.83472,0.0269055,CHB,EAS
rs7613360,0.0133939,0.0103563,0.257204,2.8028,CHB,EAS
rs2311059,0.0271994,0.034886,-0.24889,0.430813,CHB,EAS
rs7844069,0.0073482,0.0189615,-0.947955,-0.384729,CHB,EAS
rs4925811,0.00480753,0.00717906,-0.400984,-0.107392,CHB,EAS
rs11255890,0.0317827,0.035936,-0.122817,1.53683,CHB,EAS
rs11596214,0.0191831,0.0264022,-0.319416,-0.700908,CHB,EAS
rs6082363,0.019387,0.00965676,0.696944,0.214164,CHB,EAS
rs7506904,0.0154684,0.0153913,0.00500134,0.895027,CHB,EAS
rs9969232,0.00545163,0.0853707,-2.75109,-0.839167,CHB,EAS
rs9969232,0.00560834,0.0672536,-2.48421,-0.338774,CHS,EAS
rs704061,0.0572403,0.063967,-0.111109,-0.0825198,CHS,EAS
rs7844069,0.00731763,0.0208966,-1.0493,-0.621771,CHS,EAS
rs4925811,0.00548051,0.00791052,-0.366996,-0.118713,CHS,EAS
rs1162202,0.0230578,0.0389368,-0.523935,-0.51572,CHS,EAS
rs7613360,0.014993,0.0117154,0.246679,2.76899,CHS,EAS
rs2311059,0.0380367,0.036541,0.0401159,0.893426,CHS,EAS
rs2582895,0.0392958,0.0232186,0.526165,0.403282,CHS,EAS
rs6537401,0.0133101,0.0873658,-1.88158,0.108626,CHS,EAS
rs2025286,0.0113932,0.0239576,-0.743271,-1.08792,CHS,EAS
rs549845,0.00889122,0.00603324,0.38778,0.292089,CHS,EAS
rs6082363,0.01651,0.010683,0.43531,-0.0761502,CHS,EAS
rs7506904,0.0154668,0.0147518,0.047336,0.60446,CHS,EAS
rs1438898,0.018193,0.0134378,0.302961,1.81038,CHS,EAS
rs11255890,0.0253946,0.0499942,-0.67737,0.763939,CHS,EAS
rs11596214,0.0186937,0.0293764,-0.452005,-0.749207,CHS,EAS
rs4916723,0.0111349,0.019798,-0.575497,-0.130208,CHS,EAS
rs77960,0.0192721,0.0522732,-0.997826,0.506823,CHS,EAS
rs10875612,0.0066642,0.0115825,-0.552747,-0.44948,CHS,EAS
rs4916723,0.0144748,0.0233895,-0.479881,0.205,JPT,EAS
rs77960,0.0175933,0.0897759,-1.6298,1.02,JPT,EAS
rs10875612,0.00560178,0.0134112,-0.873005,-1.17516,JPT,EAS
rs11255890,0.0264379,0.0510729,-0.658454,0.895505,JPT,EAS
rs11596214,0.0212554,0.0249032,-0.158385,0.11662,JPT,EAS
rs1438898,0.0176341,0.0117368,0.407104,1.7781,JPT,EAS
rs6082363,0.0108742,0.00773726,0.340344,-0.451738,JPT,EAS
rs7506904,0.0174433,0.0171403,0.0175239,1.05226,JPT,EAS
rs549845,0.0112775,0.00605835,0.621373,1.19897,JPT,EAS
rs2025286,0.0129095,0.0283396,-0.786295,-1.13615,JPT,EAS
rs6537401,0.0134203,0.0519063,-1.35267,0.164978,JPT,EAS
rs2582895,0.0335711,0.0269561,0.219455,-0.111318,JPT,EAS
rs7613360,0.0141914,0.00876758,0.481574,2.28879,JPT,EAS
rs2311059,0.0183311,0.0317876,-0.550474,0.0894356,JPT,EAS
rs1162202,0.0134871,0.0477045,-1.26329,-1.62001,JPT,EAS
rs7844069,0.00664627,0.0224487,-1.21718,-0.893581,JPT,EAS
rs4925811,0.00602941,0.00860303,-0.355466,0.176844,JPT,EAS
rs704061,0.0540044,0.0618637,-0.135868,0.206084,JPT,EAS
rs9969232,0.00742585,0.140212,-2.93819,-0.447685,JPT,EAS
rs1162202,0.015819,0.0272699,-0.544574,-0.279719,KHV,EAS
rs2025286,0.00816766,0.0269392,-1.1934,-1.83259,KHV,EAS
rs2582895,0.0377909,0.020353,0.618839,0.127255,KHV,EAS
rs549845,0.0120647,0.00728933,0.503873,0.118027,KHV,EAS
rs1438898,0.0145038,0.0145509,-0.00323857,1.35038,KHV,EAS
rs704061,0.0592573,0.0610891,-0.0304446,0.316177,KHV,EAS
rs4916723,0.0104851,0.0226754,-0.771325,-0.43831,KHV,EAS
rs77960,0.0189689,0.051381,-0.99647,1.44191,KHV,EAS
rs10875612,0.0105851,0.012846,-0.193585,0.321426,KHV,EAS
rs11255890,0.0191095,0.055457,-1.06542,-0.0713463,KHV,EAS
rs11596214,0.0153676,0.0271331,-0.568493,-0.767022,KHV,EAS
rs6082363,0.0130187,0.00962523,0.302001,-0.437597,KHV,EAS
rs7506904,0.0122269,0.0143485,-0.160006,0.0208156,KHV,EAS
rs7844069,0.00710969,0.023031,-1.17538,-0.815262,KHV,EAS
rs4925811,0.0048367,0.00843399,-0.556037,-0.6273,KHV,EAS
rs7613360,0.0137112,0.00923626,0.395077,2.26064,KHV,EAS
rs2311059,0.0326377,0.0369946,-0.125302,0.921857,KHV,EAS
rs6537401,0.0126381,0.0601386,-1.55994,-0.431301,KHV,EAS
rs7844069,0.0101438,0.0184249,-0.596845,-0.123321,CEU,EUR
rs4925811,0.00624983,0.00792757,-0.237793,0.199384,CEU,EUR
rs1162202,0.0105782,0.0765152,-1.97869,-1.93948,CEU,EUR
rs9969232,0.0112307,0.0132804,-0.16764,0.606549,CEU,EUR
rs2582895,0.0259609,0.0168799,0.43047,1.20555,CEU,EUR
rs2886697,0.0530173,0.0188753,1.03277,1.15263,CEU,EUR
rs7613360,0.00800778,0.00808381,-0.00944937,0.670614,CEU,EUR
rs2311059,0.0125869,0.0225643,-0.583718,-1.20606,CEU,EUR
rs17718444,0.0192307,0.00537687,1.2744,1.47206,CEU,EUR
rs704061,0.0214816,0.0373987,-0.554441,-0.742743,CEU,EUR
rs17576773,0.0212615,0.0852614,-1.38883,0.502192,CEU,EUR
rs6537401,0.011882,0.029862,-0.921565,-0.473394,CEU,EUR
rs2025286,0.0121507,0.0257676,-0.751731,-0.758479,CEU,EUR
rs11255890,0.0189742,0.0242779,-0.246489,-0.627806,CEU,EUR
rs11596214,0.0128685,0.0198683,-0.434343,0.0813778,CEU,EUR
rs549845,0.00709037,0.00716094,-0.00990444,-0.172151,CEU,EUR
rs6082363,0.0083498,0.0146789,-0.564175,-1.08753,CEU,EUR
rs76857496,0.01648,0.0891934,-1.68866,-0.565474,CEU,EUR
rs7506904,0.017526,0.014866,0.164608,0.187799,CEU,EUR
rs1438898,0.005023,0.0255373,-1.62611,-1.00911,CEU,EUR
rs4916723,0.0096888,0.0243468,-0.921428,-0.793274,CEU,EUR
rs77960,0.0148924,0.0320031,-0.764985,-0.216341,CEU,EUR
rs10875612,0.00605387,0.0209455,-1.24123,-1.26847,CEU,EUR
rs4916723,0.00904901,0.0242892,-0.987377,-1.00742,FIN,EUR
rs77960,0.0147065,0.0315715,-0.763967,0.471392,FIN,EUR
rs10875612,0.00631084,0.0212965,-1.21627,-0.918433,FIN,EUR
rs1438898,0.00638648,0.0241408,-1.32972,-0.593109,FIN,EUR
rs11255890,0.0343436,0.0315608,0.0845007,0.154006,FIN,EUR
rs11596214,0.0148746,0.0213268,-0.360309,0.0866911,FIN,EUR
rs76857496,0.014823,0.126897,-2.1472,-0.902589,FIN,EUR
rs7506904,0.0217854,0.0150355,0.370821,0.244715,FIN,EUR
rs6082363,0.0119909,0.0160577,-0.29204,-0.847997,FIN,EUR
rs549845,0.00823141,0.00746223,0.0981025,-0.300177,FIN,EUR
rs2025286,0.0170488,0.0278846,-0.491994,-0.687239,FIN,EUR
rs17576773,0.027344,0.116756,-1.45159,0.899036,FIN,EUR
rs6537401,0.0114445,0.0353558,-1.12795,-0.87282,FIN,EUR
rs1162202,0.0161958,0.0642986,-1.37878,-0.874812,FIN,EUR
rs2886697,0.053272,0.0294573,0.592468,0.616307,FIN,EUR
rs7613360,0.0088192,0.00671504,0.272582,1.88478,FIN,EUR
rs2311059,0.018994,0.0274064,-0.366654,-0.689256,FIN,EUR
rs17718444,0.0287622,0.00694059,1.42168,1.49088,FIN,EUR
rs2582895,0.0253915,0.0201458,0.231418,1.39241,FIN,EUR
rs7844069,0.0116634,0.00995814,0.158062,1.16962,FIN,EUR
rs4925811,0.00710214,0.0063942,0.105005,0.846118,FIN,EUR
rs704061,0.0241934,0.0541807,-0.806243,-1.38226,FIN,EUR
rs9969232,0.00645297,0.016476,-0.937367,0.0639864,FIN,EUR
rs2886697,0.0698536,0.0218268,1.16326,1.3168,GBR,EUR
rs7613360,0.00883838,0.00767872,0.140651,0.876072,GBR,EUR
rs2311059,0.0194808,0.0242659,-0.219645,-0.918823,GBR,EUR
rs17718444,0.0215805,0.00568104,1.33465,1.33484,GBR,EUR
rs17576773,0.0270002,0.0913544,-1.2189,0.523498,GBR,EUR
rs6537401,0.0103622,0.0280917,-0.997311,-0.611365,GBR,EUR
rs11255890,0.0274541,0.0228593,0.183156,0.26668,GBR,EUR
rs11596214,0.0141347,0.0198761,-0.340884,0.367476,GBR,EUR
rs7844069,0.00941978,0.00948078,-0.00645501,0.739504,GBR,EUR
rs4925811,0.00623767,0.0077661,-0.219161,0.225221,GBR,EUR
rs9969232,0.00394597,0.0109499,-1.02064,-0.630763,GBR,EUR
rs6082363,0.00841821,0.0156186,-0.618068,-0.767375,GBR,EUR
rs76857496,0.0165564,0.105975,-1.85643,-0.242968,GBR,EUR
rs7506904,0.0146621,0.0131347,0.110007,0.0483097,GBR,EUR
rs1438898,0.0048874,0.0220826,-1.50813,-0.787623,GBR,EUR
rs4916723,0.0113249,0.0234243,-0.726774,-0.52202,GBR,EUR
rs77960,0.0151653,0.0298052,-0.675672,-0.117828,GBR,EUR
rs10875612,0.00664546,0.00948505,-0.355782,-0.0136269,GBR,EUR
rs704061,0.0246443,0.041277,-0.515762,-0.405096,GBR,EUR
rs2025286,0.0102035,0.0234472,-0.832018,-0.787104,GBR,EUR
rs549845,0.00768691,0.00745059,0.0312253,-0.0857231,GBR,EUR
rs1162202,0.0151934,0.0674024,-1.48982,-1.5844,GBR,EUR
rs2582895,0.0315357,0.0178126,0.571213,1.75251,GBR,EUR
rs11255890,0.0196889,0.0234854,-0.176322,0.0980257,IBS,EUR
rs11596214,0.0124468,0.0179934,-0.368539,0.0182944,IBS,EUR
rs2025286,0.0107553,0.0245675,-0.826025,-0.763269,IBS,EUR
rs76857496,0.0163645,0.0830602,-1.62445,-0.600443,IBS,EUR
rs7506904,0.018646,0.0164258,0.126779,0.25869,IBS,EUR
rs6082363,0.00816806,0.0150776,-0.612976,-0.954196,IBS,EUR
rs549845,0.0069775,0.00658579,0.0577762,0.20845,IBS,EUR
rs1438898,0.00444762,0.0187885,-1.44087,-0.35158,IBS,EUR
rs4916723,0.00963124,0.0211932,-0.788667,-0.3148,IBS,EUR
rs77960,0.0151235,0.0308644,-0.713352,0.0120341,IBS,EUR
rs10875612,0.00572884,0.0127199,-0.797654,-0.383455,IBS,EUR
rs9969232,0.00635746,0.01191,-0.627751,-0.306017,IBS,EUR
rs2582895,0.0282486,0.0136469,0.727529,1.79309,IBS,EUR
rs7844069,0.00969592,0.0108908,-0.116217,0.519154,IBS,EUR
rs4925811,0.00586334,0.00780931,-0.286597,0.181667,IBS,EUR
rs1162202,0.019368,0.0677748,-1.25257,-1.1996,IBS,EUR
rs2886697,0.0584435,0.016402,1.27066,1.45495,IBS,EUR
rs7613360,0.0098493,0.00742895,0.282016,0.909634,IBS,EUR
rs2311059,0.0112232,0.016073,-0.359154,-0.954939,IBS,EUR
rs17718444,0.0224956,0.00685068,1.18897,1.74699,IBS,EUR
rs17576773,0.0185638,0.111424,-1.79213,0.544703,IBS,EUR
rs6537401,0.00947806,0.0299711,-1.15125,-0.654603,IBS,EUR
rs704061,0.0226046,0.044278,-0.672336,-0.755904,IBS,EUR
rs9969232,0.0112647,0.0125573,-0.108624,0.246901,TSI,EUR
rs7844069,0.0104054,0.00861956,0.188291,0.893459,TSI,EUR
rs4925811,0.00680702,0.00677924,0.00408892,0.340412,TSI,EUR
rs704061,0.0262755,0.0409261,-0.443133,-0.145575,TSI,EUR
rs17576773,0.0207845,0.103863,-1.60886,-0.467526,TSI,EUR
rs6537401,0.00931065,0.021545,-0.838985,-0.0229693,TSI,EUR
rs2886697,0.0559091,0.0206965,0.993762,1.09347,TSI,EUR
rs7613360,0.00897412,0.00694579,0.256209,1.06106,TSI,EUR
rs2311059,0.0143646,0.0207178,-0.36623,-0.709896,TSI,EUR
rs17718444,0.0199692,0.0065188,1.1195,1.49421,TSI,EUR
rs1162202,0.0145445,0.0636143,-1.47562,-1.47292,TSI,EUR
rs2582895,0.0289698,0.0139521,0.730623,1.51035,TSI,EUR
rs549845,0.00716597,0.00650944,0.0960903,0.0086871,TSI,EUR
rs2025286,0.0117642,0.0208426,-0.571942,-0.41146,TSI,EUR
rs11255890,0.0166644,0.0243959,-0.381141,-0.105723,TSI,EUR
rs11596214,0.0133584,0.0167497,-0.226235,0.0330591,TSI,EUR
rs4916723,0.00989589,0.0217294,-0.786547,0.0246306,TSI,EUR
rs77960,0.0161801,0.0293409,-0.595198,0.0591927,TSI,EUR
rs10875612,0.00660502,0.00984353,-0.398984,-0.0610019,TSI,EUR
rs6082363,0.00808693,0.0141502,-0.559479,-1.59177,TSI,EUR
rs1438898,0.00387066,0.0191089,-1.59673,-0.840626,TSI,EUR
rs76857496,0.0153026,0.0829912,-1.69071,-0.569492,TSI,EUR
rs7506904,0.0164063,0.0115739,0.348917,0.627939,TSI,EUR
rs11255890,0.011475,0.0243254,-0.751349,-0.219534,BEB,SAS
rs11596214,0.0147472,0.0235236,-0.466949,0.178076,BEB,SAS
rs2886697,0.0646096,0.0163341,1.37511,0.644491,BEB,SAS
rs7613360,0.0118926,0.0110396,0.0744273,1.63972,BEB,SAS
rs2311059,0.014935,0.0279041,-0.625064,-1.11339,BEB,SAS
rs17718444,0.0437766,0.00848438,1.64087,0.585314,BEB,SAS
rs76857496,0.0303687,0.184408,-1.80374,0.572357,BEB,SAS
rs7506904,0.0137482,0.00821316,0.515171,1.68225,BEB,SAS
rs6082363,0.00793572,0.0129988,-0.493481,-1.84608,BEB,SAS
rs17576773,0.0151284,0.15833,-2.34811,-0.223671,BEB,SAS
rs6537401,0.0110872,0.0184949,-0.511703,0.656102,BEB,SAS
rs7844069,0.00832661,0.0110414,-0.282197,0.51023,BEB,SAS
rs4925811,0.00631944,0.00534229,0.167976,0.306426,BEB,SAS
rs9969232,0.0028188,0.0197877,-1.94875,-1.02015,BEB,SAS
rs1438898,0.0038643,0.0162737,-1.43777,0.0211665,BEB,SAS
rs4916723,0.00758894,0.0157858,-0.732421,-0.0135505,BEB,SAS
rs77960,0.0133675,0.0337105,-0.924979,-0.357284,BEB,SAS
rs10875612,0.00645682,0.00960867,-0.397528,-0.994959,BEB,SAS
rs2582895,0.0258285,0.0125736,0.71988,0.890868,BEB,SAS
rs1162202,0.0074472,0.0619131,-2.11789,-2.00438,BEB,SAS
rs2025286,0.00961809,0.0203301,-0.748458,-0.569512,BEB,SAS
rs549845,0.00943092,0.00674549,0.33512,0.921051,BEB,SAS
rs704061,0.0247544,0.0588843,-0.866571,-0.750217,BEB,SAS
rs1162202,0.00887586,0.0595102,-1.90281,-1.53223,GIH,SAS
rs2886697,0.0472304,0.0149001,1.15367,0.551454,GIH,SAS
rs7613360,0.0107958,0.0100846,0.0681533,1.62859,GIH,SAS
rs2311059,0.0159857,0.0337275,-0.746619,-1.39649,GIH,SAS
rs17718444,0.0130784,0.0076117,0.541272,-0.196975,GIH,SAS
rs2582895,0.0290045,0.0135332,0.762306,0.95097,GIH,SAS
rs17576773,0.0167425,0.0963852,-1.75041,-0.19511,GIH,SAS
rs6537401,0.0119733,0.0519142,-1.46691,0.164719,GIH,SAS
rs9969232,0.00356848,0.0293271,-2.10637,-0.893728,GIH,SAS
rs704061,0.0525553,0.0523173,0.00453959,0.610095,GIH,SAS
rs7844069,0.00900815,0.0184405,-0.716421,-0.012039,GIH,SAS
rs4925811,0.00491469,0.00481136,0.0212495,-0.0439283,GIH,SAS
rs6082363,0.00878695,0.0109686,-0.221771,-1.56603,GIH,SAS
rs76857496,0.0329868,0.171475,-1.64833,0.367595,GIH,SAS
rs7506904,0.0165674,0.00831336,0.689573,1.87082,GIH,SAS
rs1438898,0.00319278,0.0245133,-2.03832,-1.17692,GIH,SAS
rs11255890,0.0213813,0.0283727,-0.282908,0.114109,GIH,SAS
rs11596214,0.0157449,0.0243575,-0.436322,0.224462,GIH,SAS
rs4916723,0.00891723,0.0181426,-0.710278,0.416501,GIH,SAS
rs77960,0.0131691,0.0383708,-1.06942,-0.591743,GIH,SAS
rs10875612,0.010373,0.00950809,0.0870581,-0.571966,GIH,SAS
rs2025286,0.00750109,0.0265049,-1.26228,-1.21861,GIH,SAS
rs549845,0.0117626,0.00711543,0.502658,1.42626,GIH,SAS
rs2886697,0.0417195,0.0155503,0.98689,0.79378,ITU,SAS
rs7613360,0.0103119,0.00879914,0.158647,1.97085,ITU,SAS
rs2311059,0.0144824,0.0238654,-0.499494,-0.744287,ITU,SAS
rs17718444,0.0221438,0.00690815,1.16485,0.419113,ITU,SAS
rs17576773,0.0179735,0.0952782,-1.6679,-0.565659,ITU,SAS
rs6537401,0.010875,0.0262111,-0.879719,0.380553,ITU,SAS
rs6082363,0.00848735,0.0111569,-0.273485,-1.66547,ITU,SAS
rs76857496,0.0304008,0.195379,-1.86047,0.568514,ITU,SAS
rs7506904,0.0158721,0.00560899,1.04019,2.03109,ITU,SAS
rs7844069,0.00907638,0.00980558,-0.077276,0.878716,ITU,SAS
rs4925811,0.00714101,0.006029,0.169273,0.37746,ITU,SAS
rs9969232,0.00330518,0.0475867,-2.66706,-1.31798,ITU,SAS
rs11255890,0.0184866,0.0269672,-0.377573,0.347332,ITU,SAS
rs11596214,0.0125233,0.0250963,-0.695127,-0.361765,ITU,SAS
rs1438898,0.00235837,0.0165768,-1.95003,-0.742131,ITU,SAS
rs4916723,0.00817901,0.0198584,-0.887057,-0.347366,ITU,SAS
rs77960,0.013103,0.0330806,-0.926107,-0.404699,ITU,SAS
rs10875612,0.00811246,0.00948238,-0.156034,-0.864908,ITU,SAS
rs704061,0.0322969,0.0535532,-0.505704,-0.406328,ITU,SAS
rs2025286,0.00772787,0.0202915,-0.965371,-0.89128,ITU,SAS
rs2582895,0.0320769,0.0152589,0.742973,1.18896,ITU,SAS
rs549845,0.0113219,0.00777426,0.375917,1.01163,ITU,SAS
rs1162202,0.00789918,0.0505258,-1.85573,-1.95695,ITU,SAS
rs76857496,0.029762,0.218949,-1.99561,0.688869,PJL,SAS
rs7506904,0.0130226,0.00642446,0.706578,1.44617,PJL,SAS
rs9969232,0.00288359,0.0273903,-2.25115,-1.52529,PJL,SAS
rs6082363,0.0149058,0.00909211,0.494342,-0.776872,PJL,SAS
rs7844069,0.00892917,0.0119526,-0.291627,0.450652,PJL,SAS
rs4925811,0.00654773,0.00557486,0.16085,0.453364,PJL,SAS
rs11255890,0.0138114,0.0212753,-0.432057,0.397683,PJL,SAS
rs11596214,0.0131125,0.0235596,-0.585972,-0.12826,PJL,SAS
rs17576773,0.0166815,0.181409,-2.38646,0.362479,PJL,SAS
rs6537401,0.00995732,0.0267009,-0.98639,0.523529,PJL,SAS
rs2886697,0.0379909,0.0151523,0.919196,0.403727,PJL,SAS
rs7613360,0.00964995,0.0120996,-0.226219,1.73073,PJL,SAS
rs2311059,0.0108315,0.0256396,-0.86168,-1.38553,PJL,SAS
rs17718444,0.0196586,0.00666995,1.0809,0.521967,PJL,SAS
rs1162202,0.00885395,0.0538026,-1.80446,-1.60944,PJL,SAS
rs2582895,0.0300363,0.0130327,0.834943,1.18282,PJL,SAS
rs549845,0.0104194,0.00593078,0.563514,1.42432,PJL,SAS
rs2025286,0.0067044,0.0268911,-1.38903,-1.49685,PJL,SAS
rs704061,0.0378025,0.0510684,-0.300791,0.118737,PJL,SAS
rs4916723,0.00830742,0.0176116,-0.751406,0.142383,PJL,SAS
rs77960,0.0129685,0.0306065,-0.858693,-0.48311,PJL,SAS
rs10875612,0.00555093,0.00916597,-0.501531,-1.54419,PJL,SAS
rs1438898,0.00300072,0.0229084,-2.03265,-0.944164,PJL,SAS
rs704061,0.0234305,0.0609694,-0.956333,-0.943217,STU,SAS
rs2886697,0.0534052,0.0155487,1.23393,0.77308,STU,SAS
rs7613360,0.0113984,0.00881513,0.257004,2.38809,STU,SAS
rs2311059,0.0162989,0.0204133,-0.225094,-0.509324,STU,SAS
rs17718444,0.0170864,0.00597138,1.0513,0.638618,STU,SAS
rs17576773,0.0158146,0.120333,-2.02932,0.5533,STU,SAS
rs6537401,0.012123,0.0269461,-0.798737,0.457669,STU,SAS
rs7844069,0.00898017,0.00965038,-0.0719776,0.696648,STU,SAS
rs4925811,0.00668092,0.00556236,0.183233,0.224934,STU,SAS
rs9969232,0.00295104,0.0274921,-2.23174,-0.697882,STU,SAS
rs1162202,0.00860322,0.0580973,-1.90998,-1.88291,STU,SAS
rs2582895,0.0364147,0.0117911,1.12763,1.47152,STU,SAS
rs1438898,0.00313185,0.022973,-1.9927,-1.28395,STU,SAS
rs4916723,0.00799233,0.0197771,-0.906044,-0.149335,STU,SAS
rs77960,0.013074,0.0330409,-0.927121,-0.386183,STU,SAS
rs10875612,0.0138477,0.00912977,0.416577,-0.158031,STU,SAS
rs2025286,0.00812324,0.0255405,-1.14554,-0.886265,STU,SAS
rs549845,0.0108067,0.00691144,0.446989,1.04851,STU,SAS
rs11255890,0.0120149,0.0269158,-0.806564,-0.314162,STU,SAS
rs11596214,0.0164777,0.0232109,-0.342616,-0.0186535,STU,SAS
rs6082363,0.0256466,0.0101151,0.930382,-0.48088,STU,SAS
rs7506904,0.017821,0.00706346,0.92544,1.93839,STU,SAS
