rsID	Chromosome	Position_GRCh37
rs549845	1	44076469
rs1438898	2	145714354
rs2886697	3	20724204
rs9877066	3	43691501
rs7613360	3	49916710
rs2311059	3	51884072
rs17718444	3	71499401
rs114142727	3	87015142
rs17576773	4	112217523
rs6537401	4	147099654
rs4916723	5	87854395
rs77960	5	103964585
rs10875612	5	144474779
rs2025286	6	70858701
rs73145587	7	67685754
rs9969232	7	114158954
rs7844069	8	93277087
rs4925811	8	145802447
rs11255890	10	8784773
rs11596214	10	106453832
rs2582895	11	28602173
rs704061	12	89771903
rs76284431	14	98690923
rs1162202	16	61966703
rs76857496	18	5871800
rs7506904	18	50625779
rs6082363	20	21250843
