n samples,503,347,661,504,489
grXXXXXX,EUR,AMR,AFR,EAS,SAS
rs10875612,-0.104616,-0.638251,-1.514533,-1.050509,-1.283817
rs11255890,0.379936,0.111072,-0.052139,0.339167,0.14415
rs114142727,-2.213439,-2.352503,-1.563412,-1.718381,-2.279971
rs11596214,-0.996309,-1.115516,-1.658138,-1.403011,-1.330842
rs1162202,-1.637916,-1.104984,-1.420724,-1.041044,-1.289262
rs1438898,-0.538915,-0.799129,-1.129284,-2.256103,-0.777601
rs17576773,0.109349,-0.336552,-0.439537,0.638383,-0.067897
rs17718444,-0.349383,-1.062877,-1.325721,-2.142512,-1.074479
rs2025286,-0.348049,-0.66378,-1.421661,-0.754421,-0.477101
rs2311059,-1.158747,-1.425727,-0.211766,-1.994991,-1.34877
rs2582895,-1.27215,-1.9372,-1.695295,-1.748967,-1.762136
rs2886697,-0.118264,-0.383398,-1.112915,-1.132569,-0.556795
rs4916723,-1.713442,-1.857537,-2.093084,-0.756981,-1.377621
rs4925811,-2.433909,-1.765553,-0.863994,-2.501098,-2.404775
rs549845,-0.540465,-0.773053,-1.661795,-0.684187,-0.610742
rs6082363,-0.755528,-1.189475,-1.575708,-1.449637,-1.73726
rs6537401,-0.452235,-1.15229,-1.041141,-1.66599,-1.353968
rs704061,-0.893622,-1.136335,-1.026751,-1.740592,-1.4788
rs73145587,0.625715,0.093669,0.456576,-0.298524,0.501331
rs7506904,-0.508735,-0.731114,-0.759748,-0.451406,-0.753336
rs7613360,-0.978039,-1.366222,-1.585769,-1.859736,-1.757271
rs76284431,0.342531,-0.248755,-1.040692,-0.284928,-0.125064
rs76857496,-0.586577,-1.163967,-1.3899,-1.673013,-1.321471
rs77960,0.176622,-0.981957,-0.733025,-1.440385,-0.579671
rs7844069,-0.411786,-0.973465,-1.629113,-0.767589,-0.732761
rs9877066,-1.696808,-1.458943,-1.16134,-1.538149,-1.158321
rs9969232,-1.969307,-1.940101,-1.985576,-2.061215,-1.905017